{
  "images" : [
    {
      "filename" : "Tammys-Teaching-Tools-Why-playing-games-Kids-building-blocks.jpg",
      "idiom" : "universal",
      "scale" : "1x"
    },
    {
      "filename" : "Tammys-Teaching-Tools-Why-playing-games-Kids-building-blocks 1.jpg",
      "idiom" : "universal",
      "scale" : "2x"
    },
    {
      "filename" : "Tammys-Teaching-Tools-Why-playing-games-Kids-building-blocks 2.jpg",
      "idiom" : "universal",
      "scale" : "3x"
    }
  ],
  "info" : {
    "author" : "xcode",
    "version" : 1
  }
}
