{
  "images" : [
    {
      "filename" : "Ann_10-Activities-to-Increase-Understanding-While-Reading_Banner.png",
      "idiom" : "universal",
      "scale" : "1x"
    },
    {
      "filename" : "Ann_10-Activities-to-Increase-Understanding-While-Reading_Banner 1.png",
      "idiom" : "universal",
      "scale" : "2x"
    },
    {
      "filename" : "Ann_10-Activities-to-Increase-Understanding-While-Reading_Banner 2.png",
      "idiom" : "universal",
      "scale" : "3x"
    }
  ],
  "info" : {
    "author" : "xcode",
    "version" : 1
  }
}
